Name,Rating,RD,Sigma
Graham Long,1706.5775026968768,290.3189646747521,0.06
Oliver Strickfaden,1286.8081773260035,281.3106835213178,0.06
